review,sentiment
I love this product! It works exactly as described and exceeded my expectations.,positive
Terrible experience. The item arrived broken and customer service was unhelpful.,negative
Pretty good for the price. Would buy again.,positive
Not worth the money. Stopped working after a week.,negative
Excellent quality and fast shipping. Highly recommend!,positive
The product is okay but the packaging was damaged.,negative
Amazing! Five stars.,positive
Awful. Do not buy this.,negative
Satisfied with my purchase. Value for money.,positive
Broke on first use. Very disappointed.,negative
"Works fine, but expected a bit more features.",neutral
Customer support resolved my issue quickly.,positive
Had some issues but overall it's acceptable.,neutral
Color was different than shown in the pictures.,negative
Fantastic build quality and performance.,positive
Battery life is poor compared to the description.,negative
Impressed by the design and usability.,positive
Received the wrong item. Waiting for a replacement.,negative
Met my expectations. Decent product.,neutral
"Shoddy material, seams are coming apart.",negative
